Degree,Year,Actual,Predicted
1,1925,0.08015577,0.04235476346130085
1,1926,0.23974274,0.051524797852270154
1,1927,0.13318415,0.06069483224323946
1,1928,0.15583193,0.06986486663420877
1,1929,-0.030145284,0.07903490102517807
1,1930,0.18549232,0.08820493541614738
1,1931,0.25890008,0.09737496980712024
1,1932,0.21683604,0.10654500419808954
1,1933,0.039953325,0.11571503858905885
1,1934,0.1879609,0.12488507298002816
1,1935,0.15623851,0.13405510737099746
1,1936,0.1927768,0.14322514176196677
1,1937,0.3430988,0.15239517615293963
1,1938,0.350097,0.16156521054390893
1,1939,0.32150054,0.17073524493487824
1,1940,0.43823355,0.17990527932584754
1,1941,0.40042704,0.18907531371681685
1,1942,0.36370382,0.19824534810778616
1,1943,0.36871934,0.20741538249875902
1,1944,0.5064029,0.21658541688972832
1,1945,0.4053861,0.22575545128069763
1,1946,0.24348314,0.23492548567166693
1,1947,0.27109215,0.24409552006263624
1,1948,0.23763648,0.25326555445360555
1,1949,0.21849552,0.2624355888445784
1,1950,0.13567594,0.2716056232355477
1,1951,0.3011438,0.280775657626517
1,1952,0.3776523,0.2899456920174863
1,1953,0.4399285,0.29911572640845563
1,1954,0.24554752,0.30828576079942493
1,1955,0.1649878,0.3174557951903978
1,1956,0.09913213,0.3266258295813671
1,1957,0.32696283,0.3357958639723364
1,1958,0.3446652,0.3449658983633057
1,1959,0.31429294,0.354135932754275
1,1960,0.24683817,0.3633059671452443
1,1961,0.34229797,0.3724760015362172
1,1962,0.29825503,0.3816460359271865
1,1963,0.32548714,0.3908160703181558
1,1964,0.056436215,0.3999861047091251
1,1965,0.15787727,0.4091561391000944
1,1966,0.21340014,0.4183261734910637
1,1967,0.24475846,0.42749620788203657
1,1968,0.19365019,0.4366662422730059
1,1969,0.33091152,0.4458362766639752
1,1970,0.27723366,0.4550063110549445
1,1971,0.1564087,0.4641763454459138
1,1972,0.26850644,0.4733463798368831
1,1973,0.4122479,0.48251641422785596
1,1974,0.18977118,0.49168644861882527
1,1975,0.25154352,0.5008564830097946
1,1976,0.14646085,0.5100265174007639
1,1977,0.46538624,0.5191965517917332
1,1978,0.3675537,0.5283665861827025
1,1979,0.45315588,0.5375366205736753
1,1980,0.5583698,0.5467066549646447
1,1981,0.6123098,0.555876689355614
1,1982,0.39656603,0.5650467237465833
1,1983,0.5861076,0.5742167581375526
1,1984,0.41029125,0.5833867925285219
1,1985,0.41202748,0.5925568269194947
1,1986,0.45798472,0.601726861310464
1,1987,0.60532415,0.6108968957014334
1,1988,0.6444495,0.6200669300924027
1,1989,0.5415481,0.629236964483372
1,1990,0.7228801,0.6384069988743413
1,1991,0.7011943,0.6475770332653141
1,1992,0.48719457,0.6567470676562834
1,1993,0.52800494,0.6659171020472527
1,1994,0.59584755,0.675087136438222
1,1995,0.7391639,0.6842571708291914
1,1996,0.6389871,0.6934272052201607
1,1997,0.7846063,0.7025972396111335
1,1998,0.93963945,0.7117672740021028
1,1999,0.6867827,0.7209373083930721
1,2000,0.6933825,0.7301073427840414
1,2001,0.8515781,0.7392773771750107
1,2002,0.9057643,0.74844741156598
1,2003,0.9064679,0.7576174459569529
1,2004,0.82966846,0.7667874803479222
1,2005,0.96916026,0.7759575147388915
1,2006,0.93485045,0.7851275491298608
1,2007,0.9539991,0.7942975835208301
1,2008,0.8279476,0.8034676179117994
1,2009,0.9590794,0.8126376523027723
1,2010,1.0426692,0.8218076866937416
1,2011,0.8999955,0.8309777210847109
1,2012,0.9399048,0.8401477554756802
1,2013,0.9858731,0.8493177898666495
1,2014,1.0351694,0.8584878242576188
1,2015,1.1874121,0.8676578586485917
2,1925,0.08015577,0.26106548070390545
2,1926,0.23974274,0.2556548006119783
2,1927,0.13318415,0.25057177702524314
2,1928,0.15583193,0.2458164099438136
2,1929,-0.030145284,0.2413886993676897
2,1930,0.18549232,0.23728864529675775
2,1931,0.25890008,0.23351624773101776
2,1932,0.21683604,0.2300715066705834
2,1933,0.039953325,0.22695442211522732
2,1934,0.1879609,0.22416499406517687
2,1935,0.15623851,0.22170322252043206
2,1936,0.1927768,0.2195691074808792
2,1937,0.3430988,0.2177626489465183
2,1938,0.350097,0.21628384691734936
2,1939,0.32150054,0.21513270139348606
2,1940,0.43823355,0.2143092123748147
2,1941,0.40042704,0.213813379861449
2,1942,0.36370382,0.21364520385327523
2,1943,0.36871934,0.21380468435040711
2,1944,0.5064029,0.21429182135261726
2,1945,0.4053861,0.21510661486013305
2,1946,0.24348314,0.21624906487295448
2,1947,0.27109215,0.21771917139096786
2,1948,0.23763648,0.2195169344141732
2,1949,0.21849552,0.22164235394268417
2,1950,0.13567594,0.2240954299762734
2,1951,0.3011438,0.22687616251528198
2,1952,0.3776523,0.2299845515593688
2,1953,0.4399285,0.23342059710887497
2,1954,0.24554752,0.2371842991634594
2,1955,0.1649878,0.24127565772323578
2,1956,0.09913213,0.2456946727883178
2,1957,0.32696283,0.25044134435870546
2,1958,0.3446652,0.2555156724342851
2,1959,0.31429294,0.26091765701505665
2,1960,0.24683817,0.26664729810113386
2,1961,0.34229797,0.27270459569228933
2,1962,0.29825503,0.27908954978886413
2,1963,0.32548714,0.2858021603905172
2,1964,0.056436215,0.2928424274975896
2,1965,0.15787727,0.30021035110974026
2,1966,0.21340014,0.30790593122719656
2,1967,0.24475846,0.31592916784973113
2,1968,0.19365019,0.324280060977685
2,1969,0.33091152,0.3329586106108309
2,1970,0.27723366,0.3419648167491687
2,1971,0.1564087,0.3512986793928121
2,1972,0.26850644,0.3609601985415338
2,1973,0.4122479,0.3709493741955612
2,1974,0.18977118,0.38126620635489417
2,1975,0.25154352,0.3919106950194191
2,1976,0.14646085,0.4028828401892497
2,1977,0.46538624,0.41418264186415854
2,1978,0.3675537,0.42581010004437303
2,1979,0.45315588,0.4377652147297795
2,1980,0.5583698,0.45004798592049156
2,1981,0.6123098,0.4626584136163956
2,1982,0.39656603,0.47559649781760527
2,1983,0.5861076,0.4888622385240069
2,1984,0.41029125,0.5024556357354868
2,1985,0.41202748,0.516376689452386
2,1986,0.45798472,0.5306253996744772
2,1987,0.60532415,0.545201766401874
2,1988,0.6444495,0.5601057896344628
2,1989,0.5415481,0.5753374693721298
2,1990,0.7228801,0.5908968056151025
2,1991,0.7011943,0.6067837983633808
2,1992,0.48719457,0.6229984476169648
2,1993,0.52800494,0.639540753375627
2,1994,0.59584755,0.6564107156395949
2,1995,0.7391639,0.6736083344087547
2,1996,0.6389871,0.6911336096831064
2,1997,0.7846063,0.7089865414627639
2,1998,0.93963945,0.7271671297477269
2,1999,0.6867827,0.7456753745378819
2,2000,0.6933825,0.7645112758332289
2,2001,0.8515781,0.7836748336336541
2,2002,0.9057643,0.8031660479394986
2,2003,0.9064679,0.8229849187505351
2,2004,0.82966846,0.8431314460668773
2,2005,0.96916026,0.8636056298884114
2,2006,0.93485045,0.8844074702150237
2,2007,0.9539991,0.9055369670470554
2,2008,0.8279476,0.9269941203842791
2,2009,0.9590794,0.9487789302266947
2,2010,1.0426692,0.9708913965744159
2,2011,0.8999955,0.9933315194273291
2,2012,0.9399048,1.0160992987854343
2,2013,0.9858731,1.039194734648845
2,2014,1.0351694,1.0626178270174478
2,2015,1.1874121,1.0863685758912425
3,1925,0.08015577,0.18636561892526515
3,1926,0.23974274,0.190914920409341
3,1927,0.13318415,0.1952323288678599
3,1928,0.15583193,0.19933056133959326
3,1929,-0.030145284,0.20322233485785546
3,1930,0.18549232,0.20692036646323686
3,1931,0.25890008,0.2104373731835949
3,1932,0.21683604,0.21378607205406297
3,1933,0.039953325,0.21697918011705042
3,1934,0.1879609,0.2200294143967767
3,1935,0.15623851,0.22294949193565117
3,1936,0.1927768,0.2257521297688072
3,1937,0.3430988,0.22845004492410226
3,1938,0.350097,0.2310559544366697
3,1939,0.32150054,0.23358257534709992
3,1940,0.43823355,0.23604262468325032
3,1941,0.40042704,0.23844881949480623
3,1942,0.36370382,0.24081387679325417
3,1943,0.36871934,0.24315051363191742
3,1944,0.5064029,0.2454714470404724
3,1945,0.4053861,0.24778939404859557
3,1946,0.24348314,0.2501170716914203
3,1947,0.27109215,0.2524671970095369
3,1948,0.23763648,0.25485248703807883
3,1949,0.21849552,0.2572856588049035
3,1950,0.13567594,0.2597794293469633
3,1951,0.3011438,0.2623465157012106
3,1952,0.3776523,0.26499963490641676
3,1953,0.4399285,0.26775150398680125
3,1954,0.24554752,0.27061483998113545
3,1955,0.1649878,0.27360235993546667
3,1956,0.09913213,0.2767267808703764
3,1957,0.32696283,0.280000819820998
3,1958,0.3446652,0.28343719382974086
3,1959,0.31429294,0.28704861992991937
3,1960,0.24683817,0.29084781515120994
3,1961,0.34229797,0.294847496526927
3,1962,0.29825503,0.29906038109947986
3,1963,0.32548714,0.303499185894907
3,1964,0.056436215,0.30817662795561773
3,1965,0.15787727,0.3131054243112885
3,1966,0.21340014,0.3182982920006907
3,1967,0.24475846,0.3237679480553197
3,1968,0.19365019,0.32952710951212794
3,1969,0.33091152,0.33558849340261077
3,1970,0.27723366,0.3419648167655396
3,1971,0.1564087,0.3486687966305908
3,1972,0.26850644,0.3557131500401738
3,1973,0.4122479,0.3631105940330599
3,1974,0.18977118,0.37087384562619263
3,1975,0.25154352,0.37901562185834337
3,1976,0.14646085,0.38754863977374043
3,1977,0.46538624,0.3964856163966033
3,1978,0.3675537,0.4058392687802552
3,1979,0.45315588,0.4156223139434587
3,1980,0.5583698,0.4258474689195282
3,1981,0.6123098,0.43652745075087296
3,1982,0.39656603,0.4476749764653505
3,1983,0.5861076,0.45930276309809415
3,1984,0.41029125,0.4714235276896943
3,1985,0.41202748,0.48404998727710336
3,1986,0.45798472,0.4971948588863597
3,1987,0.60532415,0.5108708595580538
3,1988,0.6444495,0.5250907063218619
3,1989,0.5415481,0.5398671162201936
3,1990,0.7228801,0.5552128062772681
3,1991,0.7011943,0.5711404935445898
3,1992,0.48719457,0.5876628950354643
3,1993,0.52800494,0.6047927277977578
3,1994,0.59584755,0.6225427088593278
3,1995,0.7391639,0.6409255552625837
3,1996,0.6389871,0.6599539840426587
3,1997,0.7846063,0.6796407122255914
3,1998,0.93963945,0.6999984568465152
3,1999,0.6867827,0.7210399349478394
3,2000,0.6933825,0.7427778635574214
3,2001,0.8515781,0.7652249597158516
3,2002,0.9057643,0.7883939404582634
3,2003,0.9064679,0.8122975228143332
3,2004,0.82966846,0.8369484238155565
3,2005,0.96916026,0.8623593605043425
3,2006,0.93485045,0.8885430499158247
3,2007,0.9539991,0.9155122090796795
3,2008,0.8279476,0.9432795550274022
3,2009,0.9590794,0.9718578048032214
3,2010,1.0426692,1.0012596754477272
3,2011,0.8999955,1.0314978839742253
3,2012,0.9399048,1.0625851474305819
3,2013,0.9858731,1.0945341828464734
3,2014,1.0351694,1.1273577072643093
3,2015,1.1874121,1.161068437708309
4,1925,0.08015577,0.04881082708016038
4,1926,0.23974274,0.08392786048352718
4,1927,0.13318415,0.11572187906131148
4,1928,0.15583193,0.14436952862888575
4,1929,-0.030145284,0.17004367569461465
4,1930,0.18549232,0.19291342748329043
4,1931,0.25890008,0.21314411610364914
4,1932,0.21683604,0.23089731158688664
4,1933,0.039953325,0.24633080884814262
4,1934,0.1879609,0.25959863932803273
4,1935,0.15623851,0.2708510640077293
4,1936,0.1927768,0.2802345766685903
4,1937,0.3430988,0.28789190109819174
4,1938,0.350097,0.2939619957469404
4,1939,0.32150054,0.29858004907146096
4,1940,0.43823355,0.30187747720628977
4,1941,0.40042704,0.30398193607106805
4,1942,0.36370382,0.3050173055380583
4,1943,0.36871934,0.3051037034019828
4,1944,0.5064029,0.30435747280716896
4,1945,0.4053861,0.3028911962173879
4,1946,0.24348314,0.300813680049032
4,1947,0.27109215,0.2982299658469856
4,1948,0.23763648,0.29524132888764143
4,1949,0.21849552,0.29194527212530375
4,1950,0.13567594,0.288435532245785
4,1951,0.3011438,0.2848020773380995
4,1952,0.3776523,0.2811311078257859
4,1953,0.4399285,0.27750505367293954
4,1954,0.24554752,0.2740025813691318
4,1955,0.1649878,0.27069858042523265
4,1956,0.09913213,0.2676641819998622
4,1957,0.32696283,0.2649667407386005
4,1958,0.3446652,0.2626698496751487
4,1959,0.31429294,0.26083332719281316
4,1960,0.24683817,0.2595132263377309
4,1961,0.34229797,0.25876183388754725
4,1962,0.29825503,0.2586276629008353
4,1963,0.32548714,0.25915546575561166
4,1964,0.056436215,0.26038621878251433
4,1965,0.15787727,0.26235713390633464
4,1966,0.21340014,0.2651016553863883
4,1967,0.24475846,0.26864945655688643
4,1968,0.19365019,0.27302644215524197
4,1969,0.33091152,0.2782547534443438
4,1970,0.27723366,0.28435275657102466
4,1971,0.1564087,0.29133505607023835
4,1972,0.26850644,0.2992124827578664
4,1973,0.4122479,0.3079921007156372
4,1974,0.18977118,0.3176772082224488
4,1975,0.25154352,0.32826733216643333
4,1976,0.14646085,0.33975823037326336
4,1977,0.46538624,0.35214189533144236
4,1978,0.3675537,0.3654065504670143
4,1979,0.45315588,0.37953664967790246
4,1980,0.5583698,0.3945128796622157
4,1981,0.6123098,0.41031215572729707
4,1982,0.39656603,0.4269076306372881
4,1983,0.5861076,0.444268683437258
4,1984,0.41029125,0.46236092783510685
4,1985,0.41202748,0.4811462056823075
4,1986,0.45798472,0.5005825986154377
4,1987,0.60532415,0.5206244080327451
4,1988,0.6444495,0.5412221774458885
4,1989,0.5415481,0.5623226757161319
4,1990,0.7228801,0.5838689068332314
4,1991,0.7011943,0.6058001043274999
4,1992,0.48719457,0.6280517345294356
4,1993,0.52800494,0.6505554956384003
4,1994,0.59584755,0.6732393153943121
4,1995,0.7391639,0.6960273571312428
4,1996,0.6389871,0.7188400095328689
4,1997,0.7846063,0.7415939006023109
4,1998,0.93963945,0.7642018846236169
4,1999,0.6867827,0.7865730505436659
4,2000,0.6933825,0.8086127159185708
4,2001,0.8515781,0.8302224320359528
4,2002,0.9057643,0.8512999815866351
4,2003,0.9064679,0.8717393786646426
4,2004,0.82966846,0.891430870629847
4,2005,0.96916026,0.9102609320543706
4,2006,0.93485045,0.9281122758984566
4,2007,0.9539991,0.9448638376779854
4,2008,0.8279476,0.9603907964192331
4,2009,0.9590794,0.9745645499788225
4,2010,1.0426692,0.9872527387924492
4,2011,0.8999955,0.9983192277140915
4,2012,0.9399048,1.0076241176575422
4,2013,0.9858731,1.0150237372145057
4,2014,1.0351694,1.0203706501051784
4,2015,1.1874121,1.023513650521636
5,1925,0.08015577,0.030576348304748535
5,1926,0.23974274,0.07177155464887619
5,1927,0.13318415,0.10868765413761139
5,1928,0.15583193,0.14158812910318375
5,1929,-0.030145284,0.1707283854484558
5,1930,0.18549232,0.1963554471731186
5,1931,0.25890008,0.21870846673846245
5,1932,0.21683604,0.23801857978105545
5,1933,0.039953325,0.2545090764760971
5,1934,0.1879609,0.26839540526270866
5,1935,0.15623851,0.27988556027412415
5,1936,0.1927768,0.2891799174249172
5,1937,0.3430988,0.29647137224674225
5,1938,0.350097,0.30194562301039696
5,1939,0.32150054,0.3057809807360172
5,1940,0.43823355,0.3081487976014614
5,1941,0.40042704,0.3092133402824402
5,1942,0.36370382,0.30913199484348297
5,1943,0.36871934,0.3080553077161312
5,1944,0.5064029,0.3061271831393242
5,1945,0.4053861,0.3034849092364311
5,1946,0.24348314,0.3002592697739601
5,1947,0.27109215,0.2965746857225895
5,1948,0.23763648,0.2925493158400059
5,1949,0.21849552,0.28829510137438774
5,1950,0.13567594,0.28391796350479126
5,1951,0.3011438,0.27951784059405327
5,1952,0.3776523,0.27518878132104874
5,1953,0.4399285,0.2710191458463669
5,1954,0.24554752,0.2670916058123112
5,1955,0.1649878,0.2634832374751568
5,1956,0.09913213,0.2602657526731491
5,1957,0.32696283,0.25750551372766495
5,1958,0.3446652,0.2552636153995991
5,1959,0.31429294,0.25359606742858887
5,1960,0.24683817,0.252553753554821
5,1961,0.34229797,0.25218287482857704
5,1962,0.29825503,0.2525245286524296
5,1963,0.32548714,0.2536152973771095
5,1964,0.056436215,0.2554870843887329
5,1965,0.15787727,0.2581672817468643
5,1966,0.21340014,0.26167895272374153
5,1967,0.24475846,0.2660408206284046
5,1968,0.19365019,0.27126742899417877
5,1969,0.33091152,0.27736921235919
5,1970,0.27723366,0.28435269743204117
5,1971,0.1564087,0.29222047701478004
5,1972,0.26850644,0.3009713590145111
5,1973,0.4122479,0.3106006346642971
5,1974,0.18977118,0.32109976187348366
5,1975,0.25154352,0.3324570767581463
5,1976,0.14646085,0.3446572571992874
5,1977,0.46538624,0.3576819412410259
5,1978,0.3675537,0.3715095557272434
5,1979,0.45315588,0.3861154764890671
5,1980,0.5583698,0.40147216990590096
5,1981,0.6123098,0.417549267411232
5,1982,0.39656603,0.43431369587779045
5,1983,0.5861076,0.45172973722219467
5,1984,0.41029125,0.46975916996598244
5,1985,0.41202748,0.4883613735437393
5,1986,0.45798472,0.5074934251606464
5,1987,0.60532415,0.527110118418932
5,1988,0.6444495,0.5471642836928368
5,1989,0.5415481,0.5676067061722279
5,1990,0.7228801,0.588386282324791
5,1991,0.7011943,0.6094500832259655
5,1992,0.48719457,0.6307435818016529
5,1993,0.52800494,0.6522105745971203
5,1994,0.59584755,0.6737935282289982
5,1995,0.7391639,0.6954334527254105
5,1996,0.6389871,0.7170700877904892
5,1997,0.7846063,0.7386420667171478
5,1998,0.93963945,0.7600869759917259
5,1999,0.6867827,0.7813414223492146
5,2000,0.6933825,0.8023411706089973
5,2001,0.8515781,0.8230213075876236
5,2002,0.9057643,0.8433161526918411
5,2003,0.9064679,0.8631596900522709
5,2004,0.82966846,0.8824853412806988
5,2005,0.96916026,0.9012262672185898
5,2006,0.93485045,0.9193153455853462
5,2007,0.9539991,0.9366855025291443
5,2008,0.8279476,0.9532694257795811
5,2009,0.9590794,0.9690001048147678
5,2010,1.0426692,0.9838106781244278
5,2011,0.8999955,0.9976345151662827
5,2012,0.9399048,1.010405533015728
5,2013,0.9858731,1.0220579989254475
5,2014,1.0351694,1.0325270146131516
5,2015,1.1874121,1.041748221963644
6,1925,0.08015577,0.10412979125976562
6,1926,0.23974274,0.11105537414550781
6,1927,0.13318415,0.12139511108398438
6,1928,0.15583193,0.13438796997070312
6,1929,-0.030145284,0.1492786407470703
6,1930,0.18549232,0.16550827026367188
6,1931,0.25890008,0.18245506286621094
6,1932,0.21683604,0.1996936798095703
6,1933,0.039953325,0.2167682647705078
6,1934,0.1879609,0.23334121704101562
6,1935,0.15623851,0.24907684326171875
6,1936,0.1927768,0.2637786865234375
6,1937,0.3430988,0.2772216796875
6,1938,0.350097,0.2892169952392578
6,1939,0.32150054,0.2997169494628906
6,1940,0.43823355,0.30859375
6,1941,0.40042704,0.3158378601074219
6,1942,0.36370382,0.3214111328125
6,1943,0.36871934,0.32538795471191406
6,1944,0.5064029,0.32776641845703125
6,1945,0.4053861,0.3286247253417969
6,1946,0.24348314,0.32810020446777344
6,1947,0.27109215,0.32623863220214844
6,1948,0.23763648,0.3231849670410156
6,1949,0.21849552,0.3190746307373047
6,1950,0.13567594,0.3140735626220703
6,1951,0.3011438,0.3082923889160156
6,1952,0.3776523,0.30193519592285156
6,1953,0.4399285,0.2951335906982422
6,1954,0.24554752,0.2880401611328125
6,1955,0.1649878,0.28087615966796875
6,1956,0.09913213,0.27376365661621094
6,1957,0.32696283,0.2668590545654297
6,1958,0.3446652,0.2603302001953125
6,1959,0.31429294,0.25432586669921875
6,1960,0.24683817,0.24898338317871094
6,1961,0.34229797,0.2444133758544922
6,1962,0.29825503,0.2407684326171875
6,1963,0.32548714,0.2381610870361328
6,1964,0.056436215,0.2366619110107422
6,1965,0.15787727,0.23637962341308594
6,1966,0.21340014,0.23740005493164062
6,1967,0.24475846,0.23978233337402344
6,1968,0.19365019,0.24357032775878906
6,1969,0.33091152,0.2487945556640625
6,1970,0.27723366,0.2554950714111328
6,1971,0.1564087,0.2636375427246094
6,1972,0.26850644,0.2732563018798828
6,1973,0.4122479,0.28433990478515625
6,1974,0.18977118,0.29683876037597656
6,1975,0.25154352,0.31066131591796875
6,1976,0.14646085,0.3258171081542969
6,1977,0.46538624,0.34221649169921875
6,1978,0.3675537,0.35972023010253906
6,1979,0.45315588,0.3783378601074219
6,1980,0.5583698,0.39788818359375
6,1981,0.6123098,0.41826438903808594
6,1982,0.39656603,0.4393749237060547
6,1983,0.5861076,0.46109771728515625
6,1984,0.41029125,0.48326683044433594
6,1985,0.41202748,0.5057601928710938
6,1986,0.45798472,0.5284557342529297
6,1987,0.60532415,0.5512237548828125
6,1988,0.6444495,0.5738945007324219
6,1989,0.5415481,0.5963706970214844
6,1990,0.7228801,0.6185169219970703
6,1991,0.7011943,0.6402397155761719
6,1992,0.48719457,0.6613731384277344
6,1993,0.52800494,0.6818675994873047
6,1994,0.59584755,0.7016334533691406
6,1995,0.7391639,0.7205982208251953
6,1996,0.6389871,0.7387332916259766
6,1997,0.7846063,0.7559833526611328
6,1998,0.93963945,0.7723941802978516
6,1999,0.6867827,0.7879695892333984
6,2000,0.6933825,0.8028030395507812
6,2001,0.8515781,0.8169841766357422
6,2002,0.9057643,0.8306064605712891
6,2003,0.9064679,0.8439083099365234
6,2004,0.82966846,0.8570938110351562
6,2005,0.96916026,0.8704376220703125
6,2006,0.93485045,0.8842716217041016
6,2007,0.9539991,0.8989391326904297
6,2008,0.8279476,0.9149494171142578
6,2009,0.9590794,0.9327392578125
6,2010,1.0426692,0.9529533386230469
6,2011,0.8999955,0.9761581420898438
6,2012,0.9399048,1.0031509399414062
6,2013,0.9858731,1.0347251892089844
6,2014,1.0351694,1.0717334747314453
6,2015,1.1874121,1.1152210235595703
7,1925,0.08015577,0.10326099395751953
7,1926,0.23974274,0.11059856414794922
7,1927,0.13318415,0.12123584747314453
7,1928,0.15583193,0.13442420959472656
7,1929,-0.030145284,0.14946746826171875
7,1930,0.18549232,0.1657562255859375
7,1931,0.25890008,0.18274784088134766
7,1932,0.21683604,0.1999645233154297
7,1933,0.039953325,0.21700763702392578
7,1934,0.1879609,0.23352622985839844
7,1935,0.15623851,0.24921894073486328
7,1936,0.1927768,0.2638435363769531
7,1937,0.3430988,0.27720069885253906
7,1938,0.350097,0.2891530990600586
7,1939,0.32150054,0.2995767593383789
7,1940,0.43823355,0.30840396881103516
7,1941,0.40042704,0.31560325622558594
7,1942,0.36370382,0.32115650177001953
7,1943,0.36871934,0.32509613037109375
7,1944,0.5064029,0.32746028900146484
7,1945,0.4053861,0.3283262252807617
7,1946,0.24348314,0.32778358459472656
7,1947,0.27109215,0.32593441009521484
7,1948,0.23763648,0.3229055404663086
7,1949,0.21849552,0.3188285827636719
7,1950,0.13567594,0.31384754180908203
7,1951,0.3011438,0.30811595916748047
7,1952,0.3776523,0.30178165435791016
7,1953,0.4399285,0.29502296447753906
7,1954,0.24554752,0.2879924774169922
7,1955,0.1649878,0.28085899353027344
7,1956,0.09913213,0.2737751007080078
7,1957,0.32696283,0.2669029235839844
7,1958,0.3446652,0.26040172576904297
7,1959,0.31429294,0.2544136047363281
7,1960,0.24683817,0.2490835189819336
7,1961,0.34229797,0.2445354461669922
7,1962,0.29825503,0.24090003967285156
7,1963,0.32548714,0.23828601837158203
7,1964,0.056436215,0.23679637908935547
7,1965,0.15787727,0.23651695251464844
7,1966,0.21340014,0.2375326156616211
7,1967,0.24475846,0.23989295959472656
7,1968,0.19365019,0.24365806579589844
7,1969,0.33091152,0.24886131286621094
7,1970,0.27723366,0.2555246353149414
7,1971,0.1564087,0.2636547088623047
7,1972,0.26850644,0.2732524871826172
7,1973,0.4122479,0.28429508209228516
7,1974,0.18977118,0.2967491149902344
7,1975,0.25154352,0.3105630874633789
7,1976,0.14646085,0.32569122314453125
7,1977,0.46538624,0.3420534133911133
7,1978,0.3675537,0.35956668853759766
7,1979,0.45315588,0.3781394958496094
7,1980,0.5583698,0.3976707458496094
7,1981,0.6123098,0.4180469512939453
7,1982,0.39656603,0.4391498565673828
7,1983,0.5861076,0.46085262298583984
7,1984,0.41029125,0.4830312728881836
7,1985,0.41202748,0.5055341720581055
7,1986,0.45798472,0.5282497406005859
7,1987,0.60532415,0.5510234832763672
7,1988,0.6444495,0.57373046875
7,1989,0.5415481,0.5962390899658203
7,1990,0.7228801,0.618412971496582
7,1991,0.7011943,0.6401433944702148
7,1992,0.48719457,0.6613130569458008
7,1993,0.52800494,0.6818342208862305
7,1994,0.59584755,0.7016220092773438
7,1995,0.7391639,0.7206125259399414
7,1996,0.6389871,0.7387580871582031
7,1997,0.7846063,0.7560396194458008
7,1998,0.93963945,0.772456169128418
7,1999,0.6867827,0.7880563735961914
7,2000,0.6933825,0.8028802871704102
7,2001,0.8515781,0.8170394897460938
7,2002,0.9057643,0.8306741714477539
7,2003,0.9064679,0.8439483642578125
7,2004,0.82966846,0.8571071624755859
7,2005,0.96916026,0.870417594909668
7,2006,0.93485045,0.8842020034790039
7,2007,0.9539991,0.8988466262817383
7,2008,0.8279476,0.9148015975952148
7,2009,0.9590794,0.9325714111328125
7,2010,1.0426692,0.9527416229248047
7,2011,0.8999955,0.9759654998779297
7,2012,0.9399048,1.002976417541504
7,2013,0.9858731,1.0345840454101562
7,2014,1.0351694,1.0716991424560547
7,2015,1.1874121,1.115311622619629
8,1925,0.08015577,0.10265970230102539
8,1926,0.23974274,0.11034631729125977
8,1927,0.13318415,0.12124490737915039
8,1928,0.15583193,0.13460302352905273
8,1929,-0.030145284,0.1497507095336914
8,1930,0.18549232,0.16608858108520508
8,1931,0.25890008,0.1830902099609375
8,1932,0.21683604,0.20029401779174805
8,1933,0.039953325,0.21729612350463867
8,1934,0.1879609,0.23375272750854492
8,1935,0.15623851,0.24937820434570312
8,1936,0.1927768,0.2639327049255371
8,1937,0.3430988,0.27722644805908203
8,1938,0.350097,0.2891087532043457
8,1939,0.32150054,0.29947519302368164
8,1940,0.43823355,0.30825376510620117
8,1941,0.40042704,0.31540632247924805
8,1942,0.36370382,0.32093191146850586
8,1943,0.36871934,0.32484960556030273
8,1944,0.5064029,0.3272075653076172
8,1945,0.4053861,0.32807064056396484
8,1946,0.24348314,0.32753705978393555
8,1947,0.27109215,0.32570314407348633
8,1948,0.23763648,0.3226957321166992
8,1949,0.21849552,0.3186473846435547
8,1950,0.13567594,0.31370019912719727
8,1951,0.3011438,0.3080024719238281
8,1952,0.3776523,0.3017125129699707
8,1953,0.4399285,0.29498958587646484
8,1954,0.24554752,0.2879972457885742
8,1955,0.1649878,0.2808980941772461
8,1956,0.09913213,0.2738494873046875
8,1957,0.32696283,0.2670116424560547
8,1958,0.3446652,0.26053667068481445
8,1959,0.31429294,0.25457143783569336
8,1960,0.24683817,0.24925804138183594
8,1961,0.34229797,0.24472665786743164
8,1962,0.29825503,0.24109888076782227
8,1963,0.32548714,0.23848819732666016
8,1964,0.056436215,0.23699426651000977
8,1965,0.15787727,0.2367081642150879
8,1966,0.21340014,0.23770809173583984
8,1967,0.24475846,0.24005126953125
8,1968,0.19365019,0.24379634857177734
8,1969,0.33091152,0.2489757537841797
8,1970,0.27723366,0.255612850189209
8,1971,0.1564087,0.2637186050415039
8,1972,0.26850644,0.2732853889465332
8,1973,0.4122479,0.28429603576660156
8,1974,0.18977118,0.2967214584350586
8,1975,0.25154352,0.31050872802734375
8,1976,0.14646085,0.3256082534790039
8,1977,0.46538624,0.34194517135620117
8,1978,0.3675537,0.3594393730163574
8,1979,0.45315588,0.3779940605163574
8,1980,0.5583698,0.39751386642456055
8,1981,0.6123098,0.4178786277770996
8,1982,0.39656603,0.4389786720275879
8,1983,0.5861076,0.46068382263183594
8,1984,0.41029125,0.4828629493713379
8,1985,0.41202748,0.5053844451904297
8,1986,0.45798472,0.5281109809875488
8,1987,0.60532415,0.550905704498291
8,1988,0.6444495,0.5736327171325684
8,1989,0.5415481,0.5961623191833496
8,1990,0.7228801,0.6183624267578125
8,1991,0.7011943,0.6401228904724121
8,1992,0.48719457,0.6613225936889648
8,1993,0.52800494,0.6818737983703613
8,1994,0.59584755,0.7016887664794922
8,1995,0.7391639,0.7207045555114746
8,1996,0.6389871,0.7388734817504883
8,1997,0.7846063,0.7561712265014648
8,1998,0.93963945,0.7726011276245117
8,1999,0.6867827,0.7881975173950195
8,2000,0.6933825,0.8030228614807129
8,2001,0.8515781,0.8171734809875488
8,2002,0.9057643,0.8307895660400391
8,2003,0.9064679,0.8440461158752441
8,2004,0.82966846,0.8571734428405762
8,2005,0.96916026,0.8704462051391602
8,2006,0.93485045,0.8841953277587891
8,2007,0.9539991,0.8987994194030762
8,2008,0.8279476,0.9147157669067383
8,2009,0.9590794,0.9324550628662109
8,2010,1.0426692,0.952606201171875
8,2011,0.8999955,0.9758262634277344
8,2012,0.9399048,1.002854824066162
8,2013,0.9858731,1.0345182418823242
8,2014,1.0351694,1.0717291831970215
8,2015,1.1874121,1.1154990196228027
9,1925,0.08015577,0.10199141502380371
9,1926,0.23974274,0.1100456714630127
9,1927,0.13318415,0.12120866775512695
9,1928,0.15583193,0.13474798202514648
9,1929,-0.030145284,0.1500093936920166
9,1930,0.18549232,0.16640782356262207
9,1931,0.25890008,0.1834251880645752
9,1932,0.21683604,0.20061111450195312
9,1933,0.039953325,0.2175745964050293
9,1934,0.1879609,0.2339775562286377
9,1935,0.15623851,0.24953937530517578
9,1936,0.1927768,0.264026403427124
9,1937,0.3430988,0.2772514820098877
9,1938,0.350097,0.28907060623168945
9,1939,0.32150054,0.29937744140625
9,1940,0.43823355,0.3081049919128418
9,1941,0.40042704,0.3152174949645996
9,1942,0.36370382,0.3207101821899414
9,1943,0.36871934,0.32460594177246094
9,1944,0.5064029,0.3269503116607666
9,1945,0.4053861,0.32781410217285156
9,1946,0.24348314,0.3272843360900879
9,1947,0.27109215,0.3254671096801758
9,1948,0.23763648,0.3224809169769287
9,1949,0.21849552,0.31845855712890625
9,1950,0.13567594,0.3135411739349365
9,1951,0.3011438,0.3078784942626953
9,1952,0.3776523,0.30162715911865234
9,1953,0.4399285,0.29494261741638184
9,1954,0.24554752,0.28798866271972656
9,1955,0.1649878,0.28092432022094727
9,1956,0.09913213,0.273911714553833
9,1957,0.32696283,0.2671055793762207
9,1958,0.3446652,0.26065945625305176
9,1959,0.31429294,0.25471973419189453
9,1960,0.24683817,0.24942350387573242
9,1961,0.34229797,0.24490571022033691
9,1962,0.29825503,0.2412872314453125
9,1963,0.32548714,0.23868012428283691
9,1964,0.056436215,0.23718523979187012
9,1965,0.15787727,0.2368922233581543
9,1966,0.21340014,0.23787903785705566
9,1967,0.24475846,0.24020814895629883
9,1968,0.19365019,0.24393248558044434
9,1969,0.33091152,0.24908804893493652
9,1970,0.27723366,0.25570034980773926
9,1971,0.1564087,0.2637779712677002
9,1972,0.26850644,0.2733163833618164
9,1973,0.4122479,0.2842991352081299
9,1974,0.18977118,0.2966928482055664
9,1975,0.25154352,0.3104548454284668
9,1976,0.14646085,0.32552599906921387
9,1977,0.46538624,0.34183788299560547
9,1978,0.3675537,0.35930848121643066
9,1979,0.45315588,0.37784719467163086
9,1980,0.5583698,0.3973500728607178
9,1981,0.6123098,0.417708158493042
9,1982,0.39656603,0.43880343437194824
9,1983,0.5861076,0.4605073928833008
9,1984,0.41029125,0.48269128799438477
9,1985,0.41202748,0.5052213668823242
9,1986,0.45798472,0.5279622077941895
9,1987,0.60532415,0.5507736206054688
9,1988,0.6444495,0.5735218524932861
9,1989,0.5415481,0.5960745811462402
9,1990,0.7228801,0.6183040142059326
9,1991,0.7011943,0.6400890350341797
9,1992,0.48719457,0.6613211631774902
9,1993,0.52800494,0.6819000244140625
9,1994,0.59584755,0.7017419338226318
9,1995,0.7391639,0.7207815647125244
9,1996,0.6389871,0.7389719486236572
9,1997,0.7846063,0.7562870979309082
9,1998,0.93963945,0.7727313041687012
9,1999,0.6867827,0.7883331775665283
9,2000,0.6933825,0.8031556606292725
9,2001,0.8515781,0.8172988891601562
9,2002,0.9057643,0.8308970928192139
9,2003,0.9064679,0.8441336154937744
9,2004,0.82966846,0.8572328090667725
9,2005,0.96916026,0.8704705238342285
9,2006,0.93485045,0.8841803073883057
9,2007,0.9539991,0.8987481594085693
9,2008,0.8279476,0.9146268367767334
9,2009,0.9590794,0.932335615158081
9,2010,1.0426692,0.9524643421173096
9,2011,0.8999955,0.9756793975830078
9,2012,0.9399048,1.0027291774749756
9,2013,0.9858731,1.0344460010528564
9,2014,1.0351694,1.0717527866363525
9,2015,1.1874121,1.1156702041625977
